-- 1. Create the table
CREATE TABLE IF NOT EXISTS points_table (
    group_stage TEXT,
    sl_no INT PRIMARY KEY,
    club_name TEXT,
    match_played INT,
    won INT,
    draw INT,
    lost INT,
    goals_for INT,
    goals_against INT,
    goal_difference INT,
    points INT,
    last_5 TEXT
);

-- 2. Insert data
INSERT INTO points_table (group_stage, sl_no, club_name, match_played, won, draw, lost, goals_for, goals_against, goal_difference, points, last_5) VALUES
('UEFA Champions League group stage', 1, 'Liverpool', 32, 23, 7, 2, 74, 31, 43, 76, 'WinWinWinLossWin'),
('UEFA Champions League group stage', 2, 'Arsenal', 32, 17, 12, 3, 57, 27, 30, 63, 'DrawWinWinDrawDraw'),
('UEFA Champions League group stage', 3, 'Nottingham Forest', 32, 17, 6, 9, 51, 38, 13, 57, 'WinWinWinLossLoss'),
('UEFA Champions League group stage', 4, 'Newcastle United', 31, 17, 5, 9, 56, 40, 16, 56, 'LossWinWinWinWin'),
('UEFA Champions League group stage', 5, 'Manchester City', 32, 16, 7, 9, 62, 42, 20, 55, 'LossDrawWinDrawWin'),
('Europa League group stage', 6, 'Chelsea', 32, 15, 9, 8, 56, 39, 17, 54, 'WinLossWinDrawDraw'),
(NULL, 7, 'Aston Villa', 32, 15, 9, 8, 49, 46, 3, 54, 'LossWinWinWinWin'),
(NULL, 8, 'Bournemouth', 32, 13, 9, 10, 52, 40, 12, 48, 'DrawLossLossDrawWin'),
(NULL, 9, 'Fulham', 32, 13, 9, 10, 47, 43, 4, 48, 'LossWinLossWinLoss'),
(NULL, 10, 'Brighton & Hove Albion', 32, 12, 12, 8, 51, 49, 2, 48, 'WinDrawLossLossDraw'),
(NULL, 11, 'Brentford', 32, 12, 7, 13, 52, 48, 4, 43, 'LossWinLossDrawDraw'),
(NULL, 12, 'Crystal Palace', 31, 11, 10, 10, 41, 40, 1, 43, 'WinWinDrawWinLoss'),
(NULL, 13, 'Everton', 32, 8, 14, 10, 34, 38, -4, 38, 'DrawDrawLossDrawWin'),
(NULL, 14, 'Manchester United', 32, 10, 8, 14, 38, 45, -7, 38, 'DrawWinLossDrawLoss'),
(NULL, 15, 'Tottenham Hotspur', 32, 11, 4, 17, 60, 49, 11, 37, 'DrawLossLossWinLoss'),
(NULL, 16, 'Wolverhampton Wanderers', 32, 10, 5, 17, 47, 61, -14, 35, 'DrawWinWinWinWin'),
(NULL, 17, 'West Ham United', 32, 9, 8, 15, 36, 54, -18, 35, 'LossDrawLossDrawLoss'),
('Relegation', 18, 'Burnley', 32, 4, 9, 19, 33, 67, -34, 21, 'LossLossWinLossDraw'),
('Relegation', 19, 'Luton Town', 32, 4, 6, 22, 27, 72, -45, 18, 'LossLossLossLossDraw'),
('Relegation', 20, 'Sheffield United', 32, 2, 4, 26, 23, 77, -54, 10, 'LossLossDrawLossLoss');

-- 3. Create table about  
DROP TABLE IF EXISTS about;

CREATE TABLE about (
    name TEXT PRIMARY KEY,
    league_or_club TEXT,
    short_introduction TEXT,
    founded INT,
    headquarters TEXT,
    current_champions TEXT,
    international_cups TEXT,
    manager TEXT,
    stadium TEXT,
    logo_url TEXT
);

-- 4. Insert data
INSERT INTO about (name, league_or_club, short_introduction, founded, headquarters, current_champions, international_cups, manager, stadium, logo_url) VALUES
('Premier League', 'League', 'The Premier League is a professional association football league in England and the highest level of the English football league system. Contested by 20 clubs, it operates on a system of promotion and relegation with the English Football League.', 1992, 'London, England', 'Manchester City', 'UEFA Champions League, UEFA Europa League', NULL, NULL, 'https://upload.wikimedia.org/wikipedia/en/f/f2/Premier_League_Logo.svg'),
('Liverpool', 'Club', 'Liverpool FC is one of the most successful English clubs in European competitions.', 1892, 'Liverpool, England', 'N/A', '6x UEFA Champions League', 'Jürgen Klopp', 'Anfield', 'https://upload.wikimedia.org/wikipedia/en/0/0c/Liverpool_FC.svg'),
('Arsenal', 'Club', 'Arsenal FC is a major London club known for its tradition and youth academy.', 1886, 'London, England', 'N/A', '1x UEFA Cup Winners’ Cup', 'Mikel Arteta', 'Emirates Stadium', 'https://upload.wikimedia.org/wikipedia/en/5/53/Arsenal_FC.svg'),
('Nottingham Forest', 'Club', 'Two-time European Cup winners in the late 70s.', 1865, 'Nottingham, England', 'N/A', '2x UEFA Champions League', 'Nuno Espírito Santo', 'City Ground', 'https://upload.wikimedia.org/wikipedia/en/e/e5/Nottingham_Forest_F.C._logo.svg'),
('Newcastle United', 'Club', 'Historic North East club with passionate supporters.', 1892, 'Newcastle, England', 'N/A', 'None', 'Eddie Howe', 'St James'' Park', 'https://upload.wikimedia.org/wikipedia/en/5/56/Newcastle_United_Logo.svg'),
('Manchester City', 'Club', 'A powerhouse in modern football, known for dominating domestic leagues.', 1880, 'Manchester, England', 'Yes', '1x UEFA Champions League', 'Pep Guardiola', 'Etihad Stadium', 'https://upload.wikimedia.org/wikipedia/en/e/eb/Manchester_City_FC_badge.svg'),
('Chelsea', 'Club', 'One of London’s biggest clubs with major domestic and European trophies.', 1905, 'London, England', 'N/A', '2x UEFA Champions League', 'Mauricio Pochettino', 'Stamford Bridge', 'https://upload.wikimedia.org/wikipedia/en/c/cc/Chelsea_FC.svg'),
('Aston Villa', 'Club', 'One of the founding members of the Football League.', 1874, 'Birmingham, England', 'N/A', '1x UEFA Champions League', 'Unai Emery', 'Villa Park', 'https://upload.wikimedia.org/wikipedia/en/f/f9/Aston_Villa_logo.svg'),
('Bournemouth', 'Club', 'A compact and fast-paced team from the South Coast.', 1899, 'Bournemouth, England', 'N/A', 'None', 'Andoni Iraola', 'Vitality Stadium', 'https://upload.wikimedia.org/wikipedia/en/e/e5/AFC_Bournemouth.svg'),
('Fulham', 'Club', 'West London club known for its charming riverside stadium.', 1879, 'London, England', 'N/A', 'None', 'Marco Silva', 'Craven Cottage', 'https://upload.wikimedia.org/wikipedia/en/e/eb/Fulham_FC_%28shield%29.svg'),
('Brighton & Hove Albion', 'Club', 'Modern club with attractive football and excellent scouting.', 1901, 'Brighton, England', 'N/A', 'None', 'Roberto De Zerbi', 'Amex Stadium', 'https://upload.wikimedia.org/wikipedia/en/f/fd/Brighton_%26_Hove_Albion_logo.svg'),
('Brentford', 'Club', 'Known for its data-driven approach to recruitment and tactics.', 1889, 'London, England', 'N/A', 'None', 'Thomas Frank', 'Gtech Community Stadium', 'https://upload.wikimedia.org/wikipedia/en/2/2a/Brentford_FC_crest.svg'),
('Crystal Palace', 'Club', 'South London side famous for resilience and youth products.', 1905, 'London, England', 'N/A', 'None', 'Oliver Glasner', 'Selhurst Park', 'https://upload.wikimedia.org/wikipedia/en/0/0c/Crystal_Palace_FC_logo.svg'),
('Everton', 'Club', 'Historic Merseyside club with deep roots in English football.', 1878, 'Liverpool, England', 'N/A', '1x UEFA Cup Winners’ Cup', 'Sean Dyche', 'Goodison Park', 'https://upload.wikimedia.org/wikipedia/en/7/7c/Everton_FC_logo.svg'),
('Manchester United', 'Club', 'Globally recognized club with a legendary history.', 1878, 'Manchester, England', 'N/A', '3x UEFA Champions League', 'Erik ten Hag', 'Old Trafford', 'https://upload.wikimedia.org/wikipedia/en/7/7a/Manchester_United_FC_crest.svg'),
('Tottenham Hotspur', 'Club', 'North London club known for flair and iconic players.', 1882, 'London, England', 'N/A', '2x UEFA Cup', 'Ange Postecoglou', 'Tottenham Hotspur Stadium', 'https://upload.wikimedia.org/wikipedia/en/b/b4/Tottenham_Hotspur.svg'),
('Wolverhampton Wanderers', 'Club', 'One of the original founders of the English Football League.', 1877, 'Wolverhampton, England', 'N/A', 'None', 'Gary O''Neil', 'Molineux Stadium', 'https://upload.wikimedia.org/wikipedia/en/f/fc/Wolverhampton_Wanderers.svg'),
('West Ham United', 'Club', 'East London club with a strong history and community roots.', 1895, 'London, England', 'N/A', '1x UEFA Europa Conference League', 'David Moyes', 'London Stadium', 'https://upload.wikimedia.org/wikipedia/en/c/c2/West_Ham_United_FC_logo.svg'),
('Burnley', 'Club', 'Historic club with European success in the 80s.', 1882, 'Burnley, England', 'N/A', '1x UEFA Cup', 'Vincent Kompany', 'Turf Moor', 'https://upload.wikimedia.org/wikipedia/en/thumb/6/6d/Burnley_FC_Logo.svg/1200px-Burnley_FC_Logo.svg.png'),
('Luton Town', 'Club', 'Famous for their 2015–16 Premier League win.', 1885, 'Luton, England', 'N/A', '1x FA Community Shield', 'Rob Edwards', 'Kenilworth Road', 'https://upload.wikimedia.org/wikipedia/en/thumb/9/9d/Luton_Town_logo.svg/1200px-Luton_Town_logo.svg.png'),
('Sheffield United', 'Club', 'South Yorkshire club with a strong academy system.', 1889, 'Sheffield, England', 'N/A', 'None', 'Paul Heckingbottom', 'Bramall Lane', 'https://upload.wikimedia.org/wikipedia/en/thumb/9/9c/Sheffield_United_FC_logo.svg/1200px-Sheffield_United_FC_logo.svg.png');

-- 5. Create table fixtures  
DROP TABLE IF EXISTS fixtures;

CREATE TABLE fixtures (
    match_date DATE NOT NULL,
    home_team VARCHAR(100) NOT NULL,
    away_team VARCHAR(100) NOT NULL,
    home_score INT,
    away_score INT,
    result CHAR(1)
);

-- 6. Insert data
INSERT INTO fixtures (match_date, home_team, away_team, home_score, away_score, result) VALUES 
('2025-04-12', 'Arsenal', 'Tottenham Hotspur', 0, 3, 'A'),
('2025-04-03', 'Arsenal', 'Fulham', 2, 3, 'A'),
('2025-03-30', 'Arsenal', 'Burnley', 2, 0, 'H'),
('2025-03-24', 'Wolverhampton Wanderers', 'Arsenal', 1, 0, 'H'),
('2025-03-16', 'Arsenal', 'Crystal Palace', 4, 0, 'H'),
('2025-03-07', 'Arsenal', 'Brighton', 4, 4, 'D'),
('2025-03-02', 'Brighton', 'Arsenal', 2, 4, 'A'),
('2025-02-19', 'Arsenal', 'Wolverhampton Wanderers', 3, 1, 'H'),
('2025-02-14', 'Newcastle United', 'Arsenal', 2, 0, 'H'),
('2025-02-05', 'Manchester United', 'Arsenal', 1, 4, 'A'),
('2025-04-10', 'Aston Villa', 'Brighton', 3, 0, 'H'),
('2025-04-05', 'Aston Villa', 'Tottenham Hotspur', 4, 0, 'H'),
('2025-03-27', 'Brentford', 'Aston Villa', 3, 0, 'H'),
('2025-03-20', 'Bournemouth', 'Aston Villa', 1, 2, 'A'),
('2025-03-14', 'Aston Villa', 'Chelsea', 3, 4, 'A'),
('2025-03-07', 'Aston Villa', 'Newcastle United', 4, 1, 'H'),
('2025-03-02', 'Manchester United', 'Aston Villa', 1, 3, 'A'),
('2025-02-23', 'West Ham United', 'Aston Villa', 3, 0, 'H'),
('2025-02-18', 'Aston Villa', 'Manchester United', 4, 0, 'H'),
('2025-02-06', 'Tottenham Hotspur', 'Aston Villa', 2, 0, 'H'),
('2025-04-14', 'Bournemouth', 'Manchester City', 4, 4, 'D'),
('2025-04-03', 'Bournemouth', 'Newcastle United', 3, 2, 'H'),
('2025-03-29', 'Newcastle United', 'Bournemouth', 1, 3, 'A'),
('2025-03-21', 'Bournemouth', 'Luton Town', 4, 4, 'D'),
('2025-03-12', 'Bournemouth', 'Everton', 0, 4, 'A'),
('2025-03-10', 'Bournemouth', 'Fulham', 4, 3, 'H'),
('2025-03-02', 'Tottenham Hotspur', 'Bournemouth', 4, 1, 'H'),
('2025-02-19', 'Bournemouth', 'Crystal Palace', 2, 0, 'H'),
('2025-02-13', 'Bournemouth', 'Brentford', 3, 1, 'H'),
('2025-02-07', 'Bournemouth', 'Manchester United', 4, 3, 'H'),
('2025-04-13', 'Brentford', 'Aston Villa', 0, 2, 'A'),
('2025-04-08', 'Brentford', 'Everton', 4, 3, 'H'),
('2025-03-27', 'Brentford', 'Sheffield United', 2, 3, 'A'),
('2025-03-24', 'Brentford', 'Chelsea', 1, 2, 'A'),
('2025-03-15', 'Brentford', 'Manchester City', 3, 0, 'H'),
('2025-03-09', 'Brentford', 'Burnley', 2, 0, 'H'),
('2025-02-28', 'Brentford', 'Luton Town', 0, 1, 'A'),
('2025-02-20', 'Arsenal', 'Brentford', 0, 1, 'A'),
('2025-02-15', 'Brentford', 'Fulham', 4, 2, 'H'),
('2025-02-06', 'West Ham United', 'Brentford', 3, 2, 'H'),
('2025-04-11', 'Manchester United', 'Brighton', 3, 0, 'H'),
('2025-04-06', 'Brighton', 'Manchester City', 2, 4, 'A'),
('2025-04-01', 'Wolverhampton Wanderers', 'Brighton', 0, 2, 'A'),
('2025-03-21', 'Brighton', 'Brentford', 1, 2, 'A'),
('2025-03-15', 'Brentford', 'Brighton', 0, 4, 'A'),
('2025-03-09', 'Chelsea', 'Brighton', 4, 1, 'H'),
('2025-03-01', 'Brentford', 'Brighton', 0, 2, 'A'),
('2025-02-20', 'Brighton', 'Brentford', 1, 2, 'A'),
('2025-02-14', 'Arsenal', 'Brighton', 3, 0, 'H'),
('2025-02-09', 'Brighton', 'Manchester United', 3, 2, 'H'),
('2025-04-11', 'Arsenal', 'Burnley', 2, 2, 'D'),
('2025-04-08', 'Burnley', 'Brighton', 3, 1, 'H'),
('2025-03-26', 'Brentford', 'Burnley', 0, 1, 'A'),
('2025-03-19', 'Burnley', 'West Ham United', 2, 1, 'H'),
('2025-03-12', 'Burnley', 'Nottingham Forest', 4, 2, 'H'),
('2025-03-10', 'Burnley', 'Luton Town', 1, 4, 'A'),
('2025-03-03', 'Burnley', 'Crystal Palace', 2, 2, 'D'),
('2025-02-20', 'Luton Town', 'Burnley', 2, 1, 'H'),
('2025-02-17', 'West Ham United', 'Burnley', 4, 0, 'H'),
('2025-02-11', 'Burnley', 'Arsenal', 0, 4, 'A'),
('2025-04-10', 'Chelsea', 'Everton', 0, 3, 'A'),
('2025-04-07', 'Chelsea', 'Bournemouth', 3, 1, 'H'),
('2025-04-01', 'Chelsea', 'Brentford', 3, 2, 'H'),
('2025-03-23', 'Luton Town', 'Chelsea', 3, 0, 'H'),
('2025-03-12', 'Burnley', 'Chelsea', 1, 0, 'H'),
('2025-03-09', 'Chelsea', 'Nottingham Forest', 2, 4, 'A'),
('2025-03-02', 'Chelsea', 'Burnley', 4, 1, 'H'),
('2025-02-19', 'Fulham', 'Chelsea', 0, 2, 'A'),
('2025-02-18', 'Chelsea', 'Manchester United', 3, 0, 'H'),
('2025-02-09', 'Manchester City', 'Chelsea', 0, 2, 'A'),
('2025-04-14', 'Crystal Palace', 'Bournemouth', 4, 4, 'D'),
('2025-04-02', 'Crystal Palace', 'Chelsea', 3, 2, 'H'),
('2025-03-30', 'Aston Villa', 'Crystal Palace', 2, 2, 'D'),
('2025-03-21', 'Crystal Palace', 'Arsenal', 3, 2, 'H'),
('2025-03-15', 'Aston Villa', 'Crystal Palace', 3, 4, 'A'),
('2025-03-06', 'Burnley', 'Crystal Palace', 0, 3, 'A'),
('2025-03-03', 'Crystal Palace', 'Manchester City', 2, 4, 'A'),
('2025-02-23', 'Crystal Palace', 'Everton', 1, 0, 'H'),
('2025-02-18', 'Manchester United', 'Crystal Palace', 4, 2, 'H'),
('2025-02-05', 'Crystal Palace', 'Manchester City', 3, 4, 'A'),
('2025-04-13', 'West Ham United', 'Everton', 0, 2, 'A'),
('2025-04-04', 'Liverpool', 'Everton', 3, 3, 'D'),
('2025-03-26', 'Everton', 'Nottingham Forest', 2, 0, 'H'),
('2025-03-19', 'Everton', 'Liverpool', 3, 1, 'H'),
('2025-03-15', 'Everton', 'Nottingham Forest', 1, 4, 'A'),
('2025-03-10', 'Everton', 'Brentford', 4, 0, 'H'),
('2025-03-03', 'Everton', 'Luton Town', 1, 2, 'A'),
('2025-02-21', 'Everton', 'Sheffield United', 1, 0, 'H'),
('2025-02-18', 'Everton', 'Liverpool', 3, 3, 'D'),
('2025-02-09', 'Nottingham Forest', 'Everton', 2, 1, 'H'),
('2025-04-12', 'Fulham', 'Arsenal', 0, 1, 'A'),
('2025-04-02', 'Fulham', 'Manchester United', 1, 1, 'D'),
('2025-03-28', 'Wolverhampton Wanderers', 'Fulham', 0, 1, 'A'),
('2025-03-19', 'Wolverhampton Wanderers', 'Fulham', 2, 1, 'H'),
('2025-03-15', 'Newcastle United', 'Fulham', 0, 1, 'A'),
('2025-03-10', 'Newcastle United', 'Fulham', 1, 4, 'A'),
('2025-02-26', 'Fulham', 'Arsenal', 0, 3, 'A'),
('2025-02-23', 'Fulham', 'West Ham United', 1, 1, 'D'),
('2025-02-14', 'Fulham', 'Luton Town', 0, 0, 'D'),
('2025-02-10', 'Fulham', 'Crystal Palace', 0, 0, 'D'),
('2025-04-13', 'Liverpool', 'Everton', 0, 0, 'D'),
('2025-04-03', 'Liverpool', 'Luton Town', 3, 0, 'H'),
('2025-03-30', 'Liverpool', 'Nottingham Forest', 3, 3, 'D'),
('2025-03-20', 'Brentford', 'Liverpool', 3, 3, 'D'),
('2025-03-15', 'Liverpool', 'Tottenham Hotspur', 0, 0, 'D'),
('2025-03-11', 'Chelsea', 'Liverpool', 2, 0, 'H'),
('2025-02-28', 'Chelsea', 'Liverpool', 1, 2, 'A'),
('2025-02-24', 'Manchester United', 'Liverpool', 0, 4, 'A'),
('2025-02-12', 'Liverpool', 'Everton', 1, 4, 'A'),
('2025-02-05', 'Aston Villa', 'Liverpool', 1, 0, 'H'),
('2025-04-14', 'Nottingham Forest', 'Luton Town', 1, 3, 'A'),
('2025-04-04', 'Tottenham Hotspur', 'Luton Town', 4, 0, 'H'),
('2025-03-26', 'Luton Town', 'Brentford', 1, 1, 'D'),
('2025-03-21', 'Chelsea', 'Luton Town', 1, 2, 'A'),
('2025-03-15', 'Chelsea', 'Luton Town', 3, 3, 'D'),
('2025-03-06', 'Manchester United', 'Luton Town', 3, 0, 'H'),
('2025-02-27', 'Aston Villa', 'Luton Town', 4, 0, 'H'),
('2025-02-19', 'Liverpool', 'Luton Town', 1, 1, 'D'),
('2025-02-12', 'Everton', 'Luton Town', 1, 3, 'A'),
('2025-02-07', 'Manchester United', 'Luton Town', 3, 2, 'H'),
('2025-04-11', 'Crystal Palace', 'Manchester City', 4, 4, 'D'),
('2025-04-03', 'Manchester City', 'Burnley', 4, 1, 'H'),
('2025-03-28', 'Manchester City', 'Liverpool', 4, 4, 'D'),
('2025-03-24', 'Manchester City', 'Everton', 2, 1, 'H'),
('2025-03-18', 'West Ham United', 'Manchester City', 4, 1, 'H'),
('2025-03-05', 'Liverpool', 'Manchester City', 0, 2, 'A'),
('2025-02-27', 'Manchester City', 'Newcastle United', 4, 3, 'H'),
('2025-02-21', 'Manchester City', 'Brighton', 1, 1, 'D'),
('2025-02-13', 'Everton', 'Manchester City', 1, 2, 'A'),
('2025-02-09', 'Manchester City', 'Newcastle United', 1, 3, 'A'),
('2025-04-14', 'Liverpool', 'Manchester United', 3, 2, 'H'),
('2025-04-07', 'Fulham', 'Manchester United', 4, 0, 'H'),
('2025-03-27', 'Manchester United', 'West Ham United', 3, 1, 'H'),
('2025-03-22', 'Brentford', 'Manchester United', 4, 1, 'H'),
('2025-03-17', 'Arsenal', 'Manchester United', 2, 3, 'A'),
('2025-03-11', 'Manchester United', 'Brentford', 1, 4, 'A'),
('2025-02-27', 'Brighton', 'Manchester United', 2, 1, 'H'),
('2025-02-23', 'Manchester United', 'Sheffield United', 3, 1, 'H'),
('2025-02-17', 'Manchester United', 'Arsenal', 3, 3, 'D'),
('2025-02-11', 'Manchester United', 'Arsenal', 4, 4, 'D'),
('2025-04-11', 'Aston Villa', 'Newcastle United', 2, 0, 'H'),
('2025-04-06', 'Newcastle United', 'Aston Villa', 3, 0, 'H'),
('2025-03-31', 'Newcastle United', 'Fulham', 2, 4, 'A'),
('2025-03-23', 'Manchester City', 'Newcastle United', 1, 4, 'A'),
('2025-03-18', 'Newcastle United', 'Sheffield United', 2, 3, 'A'),
('2025-03-06', 'Newcastle United', 'Bournemouth', 3, 4, 'A'),
('2025-03-01', 'Brentford', 'Newcastle United', 3, 4, 'A'),
('2025-02-21', 'Newcastle United', 'Liverpool', 2, 2, 'D'),
('2025-02-12', 'Chelsea', 'Newcastle United', 2, 1, 'H'),
('2025-02-09', 'Newcastle United', 'Nottingham Forest', 4, 1, 'H'),
('2025-04-14', 'Nottingham Forest', 'Tottenham Hotspur', 4, 3, 'H'),
('2025-04-05', 'Chelsea', 'Nottingham Forest', 4, 4, 'D'),
('2025-03-31', 'Nottingham Forest', 'Burnley', 4, 1, 'H'),
('2025-03-20', 'Nottingham Forest', 'Wolverhampton Wanderers', 0, 4, 'A'),
('2025-03-17', 'Everton', 'Nottingham Forest', 2, 4, 'A'),
('2025-03-10', 'Luton Town', 'Nottingham Forest', 2, 1, 'H'),
('2025-02-28', 'Nottingham Forest', 'Everton', 0, 2, 'A'),
('2025-02-20', 'Nottingham Forest', 'Everton', 3, 2, 'H'),
('2025-02-12', 'Nottingham Forest', 'Burnley', 0, 3, 'A'),
('2025-02-06', 'Nottingham Forest', 'Brentford', 2, 1, 'H'),
('2025-04-10', 'Bournemouth', 'Sheffield United', 2, 0, 'H'),
('2025-04-06', 'Sheffield United', 'Luton Town', 1, 4, 'A'),
('2025-03-28', 'Sheffield United', 'West Ham United', 3, 0, 'H'),
('2025-03-22', 'Newcastle United', 'Sheffield United', 3, 2, 'H'),
('2025-03-12', 'Brentford', 'Sheffield United', 1, 0, 'H'),
('2025-03-05', 'Wolverhampton Wanderers', 'Sheffield United', 2, 4, 'A'),
('2025-03-04', 'Manchester United', 'Sheffield United', 0, 2, 'A'),
('2025-02-25', 'Sheffield United', 'Everton', 4, 4, 'D'),
('2025-02-13', 'Brentford', 'Sheffield United', 0, 0, 'D'),
('2025-02-08', 'Manchester City', 'Sheffield United', 3, 0, 'H'),
('2025-04-10', 'Burnley', 'Tottenham Hotspur', 4, 4, 'D'),
('2025-04-05', 'West Ham United', 'Tottenham Hotspur', 1, 3, 'A'),
('2025-03-26', 'Tottenham Hotspur', 'Manchester City', 1, 2, 'A'),
('2025-03-24', 'Manchester United', 'Tottenham Hotspur', 4, 2, 'H'),
('2025-03-16', 'Tottenham Hotspur', 'Burnley', 0, 1, 'A'),
('2025-03-10', 'Burnley', 'Tottenham Hotspur', 0, 3, 'A'),
('2025-03-04', 'Tottenham Hotspur', 'Aston Villa', 1, 1, 'D'),
('2025-02-19', 'Wolverhampton Wanderers', 'Tottenham Hotspur', 2, 0, 'H'),
('2025-02-12', 'Tottenham Hotspur', 'Fulham', 0, 3, 'A'),
('2025-02-11', 'Brentford', 'Tottenham Hotspur', 2, 2, 'D'),
('2025-04-10', 'Newcastle United', 'West Ham United', 3, 0, 'H'),
('2025-04-03', 'Nottingham Forest', 'West Ham United', 4, 3, 'H'),
('2025-03-27', 'West Ham United', 'Newcastle United', 4, 0, 'H'),
('2025-03-20', 'West Ham United', 'Manchester City', 2, 3, 'A'),
('2025-03-18', 'West Ham United', 'Sheffield United', 4, 4, 'D'),
('2025-03-05', 'Manchester United', 'West Ham United', 4, 2, 'H'),
('2025-02-28', 'West Ham United', 'Newcastle United', 1, 3, 'A'),
('2025-02-21', 'Newcastle United', 'West Ham United', 3, 1, 'H'),
('2025-02-18', 'Newcastle United', 'West Ham United', 3, 1, 'H'),
('2025-02-08', 'West Ham United', 'Bournemouth', 1, 0, 'H'),
('2025-04-15', 'Wolverhampton Wanderers', 'Luton Town', 4, 3, 'H'),
('2025-04-05', 'Wolverhampton Wanderers', 'Everton', 3, 1, 'H'),
('2025-03-30', 'Everton', 'Wolverhampton Wanderers', 4, 2, 'H'),
('2025-03-24', 'Nottingham Forest', 'Wolverhampton Wanderers', 2, 0, 'H'),
('2025-03-14', 'Nottingham Forest', 'Wolverhampton Wanderers', 4, 3, 'H'),
('2025-03-05', 'Luton Town', 'Wolverhampton Wanderers', 4, 2, 'H'),
('2025-03-03', 'Crystal Palace', 'Wolverhampton Wanderers', 3, 2, 'H'),
('2025-02-21', 'Newcastle United', 'Wolverhampton Wanderers', 4, 4, 'D'),
('2025-02-15', 'Wolverhampton Wanderers', 'Crystal Palace', 0, 0, 'D'),
('2025-02-09', 'Burnley', 'Wolverhampton Wanderers', 3, 2, 'H'),
('2025-04-23', 'Crystal Palace', 'Arsenal', NULL, NULL, NULL),
('2025-04-28', 'Burnley', 'Arsenal', NULL, NULL, NULL),
('2025-05-04', 'Bournemouth', 'Arsenal', NULL, NULL, NULL),
('2025-05-08', 'Arsenal', 'Brighton', NULL, NULL, NULL),
('2025-05-20', 'Wolverhampton Wanderers', 'Arsenal', NULL, NULL, NULL),
('2025-05-27', 'Brighton', 'Arsenal', NULL, NULL, NULL),
('2025-05-31', 'Arsenal', 'Everton', NULL, NULL, NULL),
('2025-06-06', 'Arsenal', 'Wolverhampton Wanderers', NULL, NULL, NULL),
('2025-06-14', 'Newcastle United', 'Arsenal', NULL, NULL, NULL),
('2025-06-19', 'Arsenal', 'Aston Villa', NULL, NULL, NULL),
('2025-04-23', 'Manchester United', 'Aston Villa', NULL, NULL, NULL),
('2025-04-26', 'Aston Villa', 'Fulham', NULL, NULL, NULL),
('2025-05-06', 'Arsenal', 'Aston Villa', NULL, NULL, NULL),
('2025-05-13', 'Brentford', 'Aston Villa', NULL, NULL, NULL),
('2025-05-21', 'Tottenham Hotspur', 'Aston Villa', NULL, NULL, NULL),
('2025-05-25', 'Aston Villa', 'Liverpool', NULL, NULL, NULL),
('2025-06-02', 'Nottingham Forest', 'Aston Villa', NULL, NULL, NULL),
('2025-06-11', 'Luton Town', 'Aston Villa', NULL, NULL, NULL),
('2025-06-18', 'Aston Villa', 'Newcastle United', NULL, NULL, NULL),
('2025-06-22', 'West Ham United', 'Aston Villa', NULL, NULL, NULL),
('2025-04-23', 'Arsenal', 'Bournemouth', NULL, NULL, NULL),
('2025-04-27', 'Fulham', 'Bournemouth', NULL, NULL, NULL),
('2025-05-07', 'Manchester United', 'Bournemouth', NULL, NULL, NULL),
('2025-05-11', 'Bournemouth', 'Crystal Palace', NULL, NULL, NULL),
('2025-05-16', 'Bournemouth', 'Fulham', NULL, NULL, NULL),
('2025-05-28', 'Luton Town', 'Bournemouth', NULL, NULL, NULL),
('2025-05-31', 'Bournemouth', 'Arsenal', NULL, NULL, NULL),
('2025-06-06', 'Bournemouth', 'Manchester United', NULL, NULL, NULL),
('2025-06-18', 'Bournemouth', 'Crystal Palace', NULL, NULL, NULL),
('2025-06-25', 'Crystal Palace', 'Bournemouth', NULL, NULL, NULL),
('2025-04-18', 'Chelsea', 'Brentford', NULL, NULL, NULL),
('2025-04-29', 'Manchester United', 'Brentford', NULL, NULL, NULL),
('2025-05-06', 'Brentford', 'Burnley', NULL, NULL, NULL),
('2025-05-11', 'Brentford', 'Manchester City', NULL, NULL, NULL),
('2025-05-19', 'Brentford', 'Arsenal', NULL, NULL, NULL),
('2025-05-24', 'Brentford', 'West Ham United', NULL, NULL, NULL),
('2025-06-03', 'Crystal Palace', 'Brentford', NULL, NULL, NULL),
('2025-06-05', 'Brentford', 'Wolverhampton Wanderers', NULL, NULL, NULL),
('2025-06-15', 'Brentford', 'Wolverhampton Wanderers', NULL, NULL, NULL),
('2025-06-20', 'Brentford', 'Aston Villa', NULL, NULL, NULL),
('2025-04-19', 'Crystal Palace', 'Brighton', NULL, NULL, NULL),
('2025-04-24', 'Everton', 'Brighton', NULL, NULL, NULL),
('2025-05-01', 'Burnley', 'Brighton', NULL, NULL, NULL),
('2025-05-11', 'Brighton', 'Bournemouth', NULL, NULL, NULL),
('2025-05-16', 'Brighton', 'Sheffield United', NULL, NULL, NULL),
('2025-05-25', 'Brentford', 'Brighton', NULL, NULL, NULL),
('2025-05-30', 'Burnley', 'Brighton', NULL, NULL, NULL),
('2025-06-07', 'Brighton', 'Brentford', NULL, NULL, NULL),
('2025-06-16', 'Brighton', 'Wolverhampton Wanderers', NULL, NULL, NULL),
('2025-06-25', 'Manchester City', 'Brighton', NULL, NULL, NULL),
('2025-04-18', 'Burnley', 'Luton Town', NULL, NULL, NULL),
('2025-04-29', 'Sheffield United', 'Burnley', NULL, NULL, NULL),
('2025-05-05', 'Newcastle United', 'Burnley', NULL, NULL, NULL),
('2025-05-14', 'Burnley', 'Bournemouth', NULL, NULL, NULL),
('2025-05-19', 'Luton Town', 'Burnley', NULL, NULL, NULL),
('2025-05-23', 'Arsenal', 'Burnley', NULL, NULL, NULL),
('2025-05-31', 'Fulham', 'Burnley', NULL, NULL, NULL),
('2025-06-08', 'Burnley', 'Crystal Palace', NULL, NULL, NULL),
('2025-06-13', 'Liverpool', 'Burnley', NULL, NULL, NULL),
('2025-06-25', 'Burnley', 'Newcastle United', NULL, NULL, NULL),
('2025-04-22', 'Brentford', 'Chelsea', NULL, NULL, NULL),
('2025-04-30', 'Manchester United', 'Chelsea', NULL, NULL, NULL),
('2025-05-04', 'Sheffield United', 'Chelsea', NULL, NULL, NULL),
('2025-05-08', 'Chelsea', 'West Ham United', NULL, NULL, NULL),
('2025-05-15', 'Chelsea', 'Bournemouth', NULL, NULL, NULL),
('2025-05-28', 'Chelsea', 'Crystal Palace', NULL, NULL, NULL),
('2025-06-01', 'Manchester United', 'Chelsea', NULL, NULL, NULL),
('2025-06-07', 'Liverpool', 'Chelsea', NULL, NULL, NULL),
('2025-06-13', 'Manchester United', 'Chelsea', NULL, NULL, NULL),
('2025-06-24', 'Fulham', 'Chelsea', NULL, NULL, NULL),
('2025-04-21', 'Crystal Palace', 'Wolverhampton Wanderers', NULL, NULL, NULL),
('2025-04-29', 'Crystal Palace', 'Brighton', NULL, NULL, NULL),
('2025-05-07', 'Fulham', 'Crystal Palace', NULL, NULL, NULL),
('2025-05-11', 'Crystal Palace', 'Everton', NULL, NULL, NULL),
('2025-05-21', 'Crystal Palace', 'Brighton', NULL, NULL, NULL),
('2025-05-25', 'Brighton', 'Crystal Palace', NULL, NULL, NULL),
('2025-06-03', 'West Ham United', 'Crystal Palace', NULL, NULL, NULL),
('2025-06-11', 'Burnley', 'Crystal Palace', NULL, NULL, NULL),
('2025-06-16', 'Crystal Palace', 'Manchester City', NULL, NULL, NULL),
('2025-06-20', 'Crystal Palace', 'Nottingham Forest', NULL, NULL, NULL),
('2025-04-22', 'Everton', 'Newcastle United', NULL, NULL, NULL),
('2025-04-24', 'Everton', 'Nottingham Forest', NULL, NULL, NULL),
('2025-05-02', 'Everton', 'Manchester United', NULL, NULL, NULL),
('2025-05-10', 'West Ham United', 'Everton', NULL, NULL, NULL),
('2025-05-19', 'Everton', 'Wolverhampton Wanderers', NULL, NULL, NULL),
('2025-05-24', 'Everton', 'Brentford', NULL, NULL, NULL),
('2025-05-30', 'Crystal Palace', 'Everton', NULL, NULL, NULL),
('2025-06-09', 'Everton', 'Liverpool', NULL, NULL, NULL),
('2025-06-14', 'Everton', 'Nottingham Forest', NULL, NULL, NULL),
('2025-06-19', 'Brentford', 'Everton', NULL, NULL, NULL),
('2025-04-19', 'Newcastle United', 'Fulham', NULL, NULL, NULL),
('2025-04-25', 'Fulham', 'Bournemouth', NULL, NULL, NULL),
('2025-05-06', 'Fulham', 'Brentford', NULL, NULL, NULL),
('2025-05-10', 'Fulham', 'Brentford', NULL, NULL, NULL),
('2025-05-16', 'Bournemouth', 'Fulham', NULL, NULL, NULL),
('2025-05-25', 'Fulham', 'Tottenham Hotspur', NULL, NULL, NULL),
('2025-06-03', 'Fulham', 'Luton Town', NULL, NULL, NULL),
('2025-06-08', 'Tottenham Hotspur', 'Fulham', NULL, NULL, NULL),
('2025-06-17', 'Fulham', 'Brentford', NULL, NULL, NULL),
('2025-06-24', 'Brighton', 'Fulham', NULL, NULL, NULL),
('2025-04-17', 'Nottingham Forest', 'Liverpool', NULL, NULL, NULL),
('2025-04-26', 'Liverpool', 'Brentford', NULL, NULL, NULL),
('2025-05-02', 'Sheffield United', 'Liverpool', NULL, NULL, NULL),
('2025-05-14', 'Liverpool', 'Bournemouth', NULL, NULL, NULL),
('2025-05-20', 'Liverpool', 'Nottingham Forest', NULL, NULL, NULL),
('2025-05-23', 'Liverpool', 'Brentford', NULL, NULL, NULL),
('2025-05-31', 'Burnley', 'Liverpool', NULL, NULL, NULL),
('2025-06-07', 'Liverpool', 'Manchester City', NULL, NULL, NULL),
('2025-06-13', 'Luton Town', 'Liverpool', NULL, NULL, NULL),
('2025-06-25', 'Burnley', 'Liverpool', NULL, NULL, NULL),
('2025-04-23', 'Sheffield United', 'Luton Town', NULL, NULL, NULL),
('2025-04-29', 'Brighton', 'Luton Town', NULL, NULL, NULL),
('2025-05-01', 'Liverpool', 'Luton Town', NULL, NULL, NULL),
('2025-05-13', 'Luton Town', 'Manchester United', NULL, NULL, NULL),
('2025-05-15', 'Manchester City', 'Luton Town', NULL, NULL, NULL),
('2025-05-27', 'Arsenal', 'Luton Town', NULL, NULL, NULL),
('2025-05-30', 'Luton Town', 'Chelsea', NULL, NULL, NULL),
('2025-06-09', 'Aston Villa', 'Luton Town', NULL, NULL, NULL),
('2025-06-18', 'Luton Town', 'Burnley', NULL, NULL, NULL),
('2025-06-21', 'Luton Town', 'Aston Villa', NULL, NULL, NULL),
('2025-04-23', 'Manchester City', 'West Ham United', NULL, NULL, NULL),
('2025-04-25', 'Manchester City', 'Liverpool', NULL, NULL, NULL),
('2025-05-06', 'Brighton', 'Manchester City', NULL, NULL, NULL),
('2025-05-08', 'Brentford', 'Manchester City', NULL, NULL, NULL),
('2025-05-20', 'Brighton', 'Manchester City', NULL, NULL, NULL),
('2025-05-26', 'Manchester City', 'Chelsea', NULL, NULL, NULL),
('2025-06-03', 'Newcastle United', 'Manchester City', NULL, NULL, NULL),
('2025-06-05', 'Manchester City', 'Crystal Palace', NULL, NULL, NULL),
('2025-06-14', 'Manchester City', 'West Ham United', NULL, NULL, NULL),
('2025-06-21', 'Luton Town', 'Manchester City', NULL, NULL, NULL),
('2025-04-22', 'Liverpool', 'Manchester United', NULL, NULL, NULL),
('2025-04-29', 'Burnley', 'Manchester United', NULL, NULL, NULL),
('2025-05-06', 'Manchester United', 'Wolverhampton Wanderers', NULL, NULL, NULL),
('2025-05-09', 'Everton', 'Manchester United', NULL, NULL, NULL),
('2025-05-16', 'Bournemouth', 'Manchester United', NULL, NULL, NULL),
('2025-05-28', 'Manchester United', 'Brighton', NULL, NULL, NULL),
('2025-05-30', 'Arsenal', 'Manchester United', NULL, NULL, NULL),
('2025-06-06', 'Manchester United', 'Bournemouth', NULL, NULL, NULL),
('2025-06-18', 'Manchester United', 'West Ham United', NULL, NULL, NULL),
('2025-06-19', 'Liverpool', 'Manchester United', NULL, NULL, NULL),
('2025-04-21', 'Brighton', 'Newcastle United', NULL, NULL, NULL),
('2025-04-28', 'Newcastle United', 'Burnley', NULL, NULL, NULL),
('2025-05-02', 'Burnley', 'Newcastle United', NULL, NULL, NULL),
('2025-05-14', 'Bournemouth', 'Newcastle United', NULL, NULL, NULL),
('2025-05-17', 'Newcastle United', 'Fulham', NULL, NULL, NULL),
('2025-05-28', 'Newcastle United', 'Tottenham Hotspur', NULL, NULL, NULL),
('2025-06-04', 'Newcastle United', 'Wolverhampton Wanderers', NULL, NULL, NULL),
('2025-06-05', 'Newcastle United', 'Brighton', NULL, NULL, NULL),
('2025-06-15', 'Bournemouth', 'Newcastle United', NULL, NULL, NULL),
('2025-06-20', 'Newcastle United', 'Wolverhampton Wanderers', NULL, NULL, NULL),
('2025-04-22', 'Arsenal', 'Nottingham Forest', NULL, NULL, NULL),
('2025-04-28', 'Burnley', 'Nottingham Forest', NULL, NULL, NULL),
('2025-05-01', 'Sheffield United', 'Nottingham Forest', NULL, NULL, NULL),
('2025-05-14', 'Crystal Palace', 'Nottingham Forest', NULL, NULL, NULL),
('2025-05-20', 'Manchester United', 'Nottingham Forest', NULL, NULL, NULL),
('2025-05-23', 'Chelsea', 'Nottingham Forest', NULL, NULL, NULL),
('2025-06-04', 'Brighton', 'Nottingham Forest', NULL, NULL, NULL),
('2025-06-10', 'Nottingham Forest', 'Brentford', NULL, NULL, NULL),
('2025-06-13', 'Nottingham Forest', 'Brighton', NULL, NULL, NULL),
('2025-06-19', 'Nottingham Forest', 'Newcastle United', NULL, NULL, NULL),
('2025-04-20', 'Sheffield United', 'Luton Town', NULL, NULL, NULL),
('2025-04-27', 'Sheffield United', 'Manchester United', NULL, NULL, NULL),
('2025-05-05', 'Sheffield United', 'Brighton', NULL, NULL, NULL),
('2025-05-14', 'Sheffield United', 'Aston Villa', NULL, NULL, NULL),
('2025-05-20', 'Burnley', 'Sheffield United', NULL, NULL, NULL),
('2025-05-22', 'Sheffield United', 'Tottenham Hotspur', NULL, NULL, NULL),
('2025-06-01', 'Sheffield United', 'Wolverhampton Wanderers', NULL, NULL, NULL),
('2025-06-10', 'Sheffield United', 'Newcastle United', NULL, NULL, NULL),
('2025-06-14', 'Luton Town', 'Sheffield United', NULL, NULL, NULL),
('2025-06-25', 'West Ham United', 'Sheffield United', NULL, NULL, NULL),
('2025-04-17', 'Burnley', 'Tottenham Hotspur', NULL, NULL, NULL),
('2025-04-25', 'Tottenham Hotspur', 'Wolverhampton Wanderers', NULL, NULL, NULL),
('2025-05-01', 'Burnley', 'Tottenham Hotspur', NULL, NULL, NULL),
('2025-05-10', 'Aston Villa', 'Tottenham Hotspur', NULL, NULL, NULL),
('2025-05-15', 'Wolverhampton Wanderers', 'Tottenham Hotspur', NULL, NULL, NULL),
('2025-05-26', 'Burnley', 'Tottenham Hotspur', NULL, NULL, NULL),
('2025-05-31', 'Liverpool', 'Tottenham Hotspur', NULL, NULL, NULL),
('2025-06-05', 'Manchester City', 'Tottenham Hotspur', NULL, NULL, NULL),
('2025-06-16', 'Brentford', 'Tottenham Hotspur', NULL, NULL, NULL),
('2025-06-23', 'Wolverhampton Wanderers', 'Tottenham Hotspur', NULL, NULL, NULL),
('2025-04-23', 'Chelsea', 'West Ham United', NULL, NULL, NULL),
('2025-04-26', 'West Ham United', 'Nottingham Forest', NULL, NULL, NULL),
('2025-05-05', 'West Ham United', 'Fulham', NULL, NULL, NULL),
('2025-05-13', 'Manchester City', 'West Ham United', NULL, NULL, NULL),
('2025-05-19', 'Everton', 'West Ham United', NULL, NULL, NULL),
('2025-05-25', 'West Ham United', 'Everton', NULL, NULL, NULL),
('2025-05-31', 'Newcastle United', 'West Ham United', NULL, NULL, NULL),
('2025-06-11', 'West Ham United', 'Manchester City', NULL, NULL, NULL),
('2025-06-13', 'Manchester United', 'West Ham United', NULL, NULL, NULL),
('2025-06-22', 'West Ham United', 'Brighton', NULL, NULL, NULL),
('2025-04-19', 'Wolverhampton Wanderers', 'Brighton', NULL, NULL, NULL),
('2025-04-30', 'Wolverhampton Wanderers', 'Crystal Palace', NULL, NULL, NULL),
('2025-05-01', 'Crystal Palace', 'Wolverhampton Wanderers', NULL, NULL, NULL),
('2025-05-09', 'Burnley', 'Wolverhampton Wanderers', NULL, NULL, NULL),
('2025-05-16', 'Manchester United', 'Wolverhampton Wanderers', NULL, NULL, NULL),
('2025-05-23', 'Wolverhampton Wanderers', 'Manchester United', NULL, NULL, NULL),
('2025-06-01', 'Wolverhampton Wanderers', 'Crystal Palace', NULL, NULL, NULL),
('2025-06-06', 'Manchester City', 'Wolverhampton Wanderers', NULL, NULL, NULL),
('2025-06-13', 'Tottenham Hotspur', 'Wolverhampton Wanderers', NULL, NULL, NULL),
('2025-06-24', 'Wolverhampton Wanderers', 'Brighton', NULL, NULL, NULL);


-- Create the clubs table
CREATE TABLE clubs (
    id SERIAL PRIMARY KEY,
    team VARCHAR(255),
    image TEXT
);

-- Insert data into the clubs table
INSERT INTO clubs (team, image) VALUES
('Arsenal', 'https://upload.wikimedia.org/wikipedia/en/thumb/5/53/Arsenal_FC.svg/1200px-Arsenal_FC.svg.png'),
('Aston Villa', 'https://upload.wikimedia.org/wikipedia/en/thumb/9/9a/Aston_Villa_FC_new_crest.svg/1200px-Aston_Villa_FC_new_crest.svg.png'),
('Bournemouth', 'https://upload.wikimedia.org/wikipedia/en/thumb/e/e5/AFC_Bournemouth_%282013%29.svg/800px-AFC_Bournemouth_%282013%29.svg.png'),
('Brentford', 'https://upload.wikimedia.org/wikipedia/en/thumb/2/2a/Brentford_FC_crest.svg/1200px-Brentford_FC_crest.svg.png'),
('Brighton & Hove Albion', 'https://upload.wikimedia.org/wikipedia/en/thumb/d/d0/Brighton_and_Hove_Albion_FC_crest.svg/1200px-Brighton_and_Hove_Albion_FC_crest.svg.png'),
('Burnley', 'https://upload.wikimedia.org/wikipedia/en/thumb/6/6d/Burnley_FC_Logo.svg/1200px-Burnley_FC_Logo.svg.png'),
('Chelsea', 'https://upload.wikimedia.org/wikipedia/en/thumb/c/cc/Chelsea_FC.svg/1200px-Chelsea_FC.svg.png'),
('Crystal Palace', 'https://upload.wikimedia.org/wikipedia/en/thumb/a/a2/Crystal_Palace_FC_logo_%282022%29.svg/1200px-Crystal_Palace_FC_logo_%282022%29.svg.png'),
('Everton', 'https://upload.wikimedia.org/wikipedia/en/thumb/7/7c/Everton_FC_logo.svg/1200px-Everton_FC_logo.svg.png'),
('Fulham', 'https://upload.wikimedia.org/wikipedia/en/thumb/e/eb/Fulham_FC_%28shield%29.svg/800px-Fulham_FC_%28shield%29.svg.png'),
('Liverpool', 'https://upload.wikimedia.org/wikipedia/en/thumb/0/0c/Liverpool_FC.svg/1200px-Liverpool_FC.svg.png'),
('Luton Town', 'https://upload.wikimedia.org/wikipedia/en/thumb/9/9d/Luton_Town_logo.svg/1200px-Luton_Town_logo.svg.png'),
('Manchester City', 'https://upload.wikimedia.org/wikipedia/en/thumb/e/eb/Manchester_City_FC_badge.svg/1200px-Manchester_City_FC_badge.svg.png'),
('Manchester United', 'https://upload.wikimedia.org/wikipedia/en/thumb/7/7a/Manchester_United_FC_crest.svg/1200px-Manchester_United_FC_crest.svg.png'),
('Newcastle United', 'https://brandlogos.net/wp-content/uploads/2025/02/newcastle_united_fc-logo_brandlogos.net_ypslm.png'),
('Nottingham Forest', 'https://upload.wikimedia.org/wikipedia/en/thumb/e/e5/Nottingham_Forest_F.C._logo.svg/800px-Nottingham_Forest_F.C._logo.svg.png'),
('Sheffield United', 'https://upload.wikimedia.org/wikipedia/en/thumb/9/9c/Sheffield_United_FC_logo.svg/1200px-Sheffield_United_FC_logo.svg.png'),
('Tottenham Hotspur', 'https://upload.wikimedia.org/wikipedia/en/thumb/b/b4/Tottenham_Hotspur.svg/1200px-Tottenham_Hotspur.svg.png'),
('West Ham United', 'https://upload.wikimedia.org/wikipedia/en/thumb/c/c2/West_Ham_United_FC_logo.svg/1200px-West_Ham_United_FC_logo.svg.png'),
('Wolverhampton Wanderers', 'https://upload.wikimedia.org/wikipedia/en/thumb/c/c9/Wolverhampton_Wanderers_FC_crest.svg/1200px-Wolverhampton_Wanderers_FC_crest.svg.png');

CREATE TABLE teams (
    id SERIAL PRIMARY KEY,
    name VARCHAR(100),
    photo_url TEXT
);

INSERT INTO teams (name, photo_url) VALUES
('Liverpool', 'https://cdn.vox-cdn.com/thumbor/Var1zav5HCyvoFdVEhGPPtwrC3M=/0x0:4804x3203/1200x800/filters:focal(2018x1218:2786x1986)/cdn.vox-cdn.com/uploads/chorus_image/image/66120149/1190054280.jpg.0.jpg'),
('Arsenal', 'https://e0.365dm.com/20/03/768x432/skysports-arsenal-olympiakos_4944696.jpg?20200311100457'),
('Nottingham Forest', 'https://encrypted-tbn0.gstatic.com/images?q=tbn:ANd9GcT87XpNNy_AEF4hiqWEkZagX3eAPAvh3Auv3r6bEEBhuzVUFtZ9Ts0cgqsJb3VFq9w_Cp4&usqp=CAU'),
('Newcastle United', 'https://resources.premierleague.pulselive.com/photo-resources/2024/08/07/dbab5113-ed74-4d9d-9867-92a9ba4e0684/Newcastle-United.jpg?width=1400&height=800'),
('Manchester City', 'https://i2-prod.manchestereveningnews.co.uk/article28243523.ece/ALTERNATES/s1200d/0_GettyImages-1697113497.jpg'),
('Chelsea', 'https://cdn1.thechelseachronicle.com/uploads/17/2021/12/GettyImages-1340334167.jpg'),
('Aston Villa', 'https://cdn1.astonvilla.news/uploads/9/2024/06/GettyImages-2151156487-scaled.jpg'),
('Bournemouth', 'https://encrypted-tbn0.gstatic.com/images?q=tbn:ANd9GcS8KSsRfOJjtJjW9Mk44emjOTxH7neJfiJ-aZ96VHAUcRflv4L3bmbphAgGRWQ3JQirp4E&usqp=CAU'),
('Fulham', 'https://resources.premierleague.pulselive.com/photo-resources/2024/08/06/8efd93c8-c552-47b2-8dc8-595a903899f8/Fulham.jpg?width=1400&height=800'),
('Brighton & Hove Albion', 'https://resources.premierleague.pulselive.com/photo-resources/2024/08/04/d5a062e2-3ac9-486a-bd29-8ed6b95acbf3/Brighton.jpg?width=1400&height=800'),
('Brentford', 'https://res.cloudinary.com/brentford-fc/image/upload/f_auto,q_auto:best,f_auto,q_100,c_fill,ar_16:9/Production/8m7a2757-min_pt2ujf.jpg'),
('Crystal Palace', 'https://static01.nyt.com/athletic/uploads/wp/2024/08/12130723/GettyImages-2165881142-scaled.jpg'),
('Everton', 'https://cdn.vox-cdn.com/thumbor/hPqjw_PJcVXKM8DrRGgi9H2NWoI=/0x0:3654x2520/1200x0/filters:focal(0x0:3654x2520):no_upscale()/cdn.vox-cdn.com/uploads/chorus_asset/file/19834519/82260773.jpg.jpg'),
('Manchester United', 'https://i2-prod.manchestereveningnews.co.uk/article25018185.ece/ALTERNATES/s1200b/0_GettyImages-1408242954.jpg'),
('Tottenham Hotspur', 'https://upload.wikimedia.org/wikipedia/commons/2/20/2020-03-10_Fu%C3%9Fball%2C_M%C3%A4nner%2C_UEFA_Champions_League_Achtelfinale%2C_RB_Leipzig_-_Tottenham_Hotspur_IMG_3996_by_Stepro.jpg'),
('Wolverhampton Wanderers', 'https://encrypted-tbn0.gstatic.com/images?q=tbn:ANd9GcReFdn8JNgqQQFJBgaLIpBPchmqnngY7k5ZFQ&s'),
('West Ham United', 'https://icdn.caughtoffside.com/wp-content/uploads/2024/05/west-ham-team-photo-1200x800.jpg'),
('Burnley', 'https://www.burnleyexpress.net/webimg/b25lY21zOjY0NmE1ODNmLTVlZmYtNDJkOC1iNWEyLTVmODQ1NDk5ZjNiNDowNWMzZjNmMi1iZWZjLTQxMDMtOTI4ZC1mNGFjNGI4ZGEzOGE=.jpg?width=1200&enable=upscale'),
('Luton Town', 'https://www.foottheball.com/wp-content/uploads/2023/03/Luton-Town-meteoric-rise.jpg'),
('Sheffield United', 'https://encrypted-tbn0.gstatic.com/images?q=tbn:ANd9GcSXMyRjTQaJBhO6kH1Mav-GIajL3fgmiRNGXA&s');

